{"basic_s": [[4.936136469836338, 4.936136469835669, 0.9997829861112911, 0.9286588541666667], [11.89308299617417, 10.28003169018705, 0.009997644971296895, 0.25739383587084286]], "agt_s": [[4.936136469836417], [11.893082996174318]], "value": [[20.03429191737225], [5.108109082733438]]}